ri_left,ri_right,ri_same,ri_ht,ri_cap_ht,rm_left,rm_right,rm_same,rm_ht,rm_cap_ht,rr_left,rr_right,rr_same,rr_ht,rr_cap_ht,rl_left,rl_right,rl_same,rl_ht,rl_cap_ht,li_left,li_right,li_same,li_ht,li_cap_ht,lm_left,lm_right,lm_same,lm_ht,lm_cap_ht,lr_left,lr_right,lr_same,lr_ht,lr_cap_ht,ll_left,ll_right,ll_same,ll_ht,ll_cap_ht,cpm,sb_dd,sb_ht,key_sb,accuracy,user
0.15362995862960815,0.1573490301767985,,0.1317673683166504,0.17570209503173828,0.12801074981689453,0.14386940002441406,,0.12253189086914062,,,0.15600919723510742,,0.15600919723510742,,,,,,,1.6439156532287598,0.05605316162109375,,1.1146281560262044,,0.22258615493774414,0.10148119926452637,0.22328662872314453,0.1133122444152832,,,0.10468196868896484,,0.10468196868896484,,,0.13277626037597656,,0.13277626037597656,,222.0,0.49452910423278806,0.0856330394744873,0.20992988348007202,100.0,0.0
