key,press_time,release_time,hold_time
t,1556153146.663292,1556153146.7491505,0.08585858345031738
e,1556153146.717596,1556153146.8048694,0.08727335929870605
s,1556153146.9414613,1556153147.0290236,0.08756232261657715
t,1556153147.0934079,1556153147.1650834,0.07167553901672363
1,1556153148.0455637,1556153148.1491082,0.10354447364807129
2,1556153148.1259952,1556153148.1971617,0.0711665153503418
3,1556153148.3094258,1556153148.381058,0.07163214683532715
