key,press_time,release_time,hold_time
Key.space,1556485863.286987,1556485863.382962,0.09597492218017578
Key.enter,1556485863.665931,1556485863.750196,0.08426499366760254
