key,press_time,release_time,hold_time
Key.space,1556485849.400278,1556485849.479002,0.07872390747070312
Key.enter,1556485849.718973,1556485849.807162,0.08818912506103516
