key,press_time,release_time,hold_time
Key.shift,1556409893.996077,1556409894.1049228,0.10884571075439453
