key,press_time,release_time,hold_time
1,1556489554.049943,1556489554.167953,0.11801004409790039
2,1556489554.175942,1556489554.256244,0.08030200004577637
3,1556489554.383801,1556489554.4482749,0.06447386741638184
