key,press_time,release_time,hold_time
1,1556489613.080307,1556489613.2310982,0.15079116821289062
2,1556489613.2349498,1556489613.311456,0.07650613784790039
3,1556489613.402047,1556489613.47044,0.06839299201965332
