key,press_time,release_time,hold_time
1,1556488985.5486321,1556488985.6752892,0.12665700912475586
2,1556488985.6873028,1556488985.763628,0.0763251781463623
3,1556488985.888246,1556488985.940629,0.0523829460144043
